Time,UAV_Plan_X,UAV_Plan_Y,UAV_Plan_Z,UAV_Plan_VX,UAV_Plan_VY,UAV_Plan_VZ
0,4.41456,0.000411576,-0.235669,2.29083,-0.00464207,1.90683
0.05,4.52295,0.000223712,-0.139388,2.03435,-0.0029547,1.92822
0.1,4.61715,0.000108062,-0.0445202,1.72808,-0.00174546,1.84892
0.15,4.69552,4.26636e-05,0.0436909,1.40733,-0.000926458,1.66131
0.2,4.75821,1.05574e-05,0.119877,1.10539,-0.000400455,1.3703
0.25,4.80658,-1.20739e-06,0.179353,0.834211,-0.000104156,0.997397
0.3,4.84193,-2.76079e-06,0.218708,0.580351,1.88265e-05,0.569816
0.35,4.86448,-9.59619e-07,0.235812,0.318977,4.38593e-05,0.11078
